INSERT INTO Region
(IdRegion,NomRegion)
VALUES
('1','Este'),
('2','Oeste'),
('3','Centro'),
('4','Norte'),
('','')

INSERT INTO Ciudad
(IdCiudad,Nomciudad)
VALUES
('1','Valencia'),
('2','Alicante'),
('3','Castellon'),
('4','Babajoz'),
('5','A Coru침a'),
('6','Madrid'),
('7','Pamplona'),
('','')

INSERT INTO Director
(IdDirector,NomDirector)
VALUES
('','Sin Asignar'),
('104','Jose Gonzalez'),
('105','Vicente Pantalla'),
('106','Luis Antonio'),
('108','Ana Bustamante')

INSERT INTO Oficinas
(IdOficina,IdDirector,IdRegion,IdCiudad,ObjetivosOf,VentasOf)
VALUES
(11,'106','1','1',575000,693000),
(12,'104','1','2',800000,735000),
(13,'105','1','3',350000,368000),
(21,'108','2','4',725000,836000),
(22,'108','2','5',300000,186000),
(23,'108','3','6','',''),
(24,'108','3','6',250000,150000),
(26,'','4','7','',''),
(28,'','1','1',900000,0),
('','104','','','',76000)

INSERT INTO Empleados
(IdEmp,NombreEmp,edad,IdOficina,Titulo,Contrato,IdDirector,CuotaEmp,VentasEmp)
VALUES
(101,'Antonio Viguer',45,12,'Representante','10/20/1986',104,300000,305000),
(102,'Alvaro Jaumes',48,21,'Representante','12/10/1986',108,350000,474000),
(103,'Juan Rovira',29,12,'Representante','03/01/1987',104,275000,286000),
(104,'Jose Gonzalez',33,12,'Dir Ventas','05/19/1987',106,200000,143000),
(105,'Vicente Pantalla',37,13,'Representante','12/02/1988',104,350000,368000),
(106,'Luis Antonio',52,11,'Dir General','06/14/1988','',275000,299000),
(107,'Jorge Gutierrez',49,22,'Representante','11/14/1988',108,300000,186000),
(108,'Ana Bustamante',62,21,'Dir Ventas','10/12/1989',106,350000,361000),
(109,'Maria Sunta',31,11,'Representante','10/12/1999',106,300000,392000),
(110,'Juan Victor',41,'','Representante','01/13/1990',104,'',76000)

INSERT INTO Fabricante
(fab)
VALUES
('aci'),
('bic'),
('fea'),
('imm'),
('qsa'),
('rei')

INSERT INTO DetalleProducto
(IdProducto,DescrProducto,PrecioProd,Existencias)
VALUES
('41001','Arandela',58,277),
('41002','bisagra',80,167),
('41003','art t3',112,207),
('41004','art t4',123,139),
('4100x','Junta',26,37),
('4100y','extractor',2888,25),
('4100z','mont',2625,28),
('41003','manivela',652,3),
('41089','rodamiento',225,78),
('41672','plato',180,0),
('112','cubo',148,115),
('114','cubo',243,15),
('773c','reostato',975,28),
('775c','reostato2',1425,5),
('779c','reostato3',1875,0),
('887h','Caja clavos',54,223),
('887p','perno',25,24),
('887x','manivela',475,32),
('xk47','red',355,38),
('xk48','red',134,203),
('xk48a','red',117,37),
('2a44g','pas',350,14),
('2a44l','bomba l',4500,12),
('2a44r','bomba r',4500,12),
('2a45c','junta',79,210)

INSERT INTO Productos
(IdFab,CodDetProd)
VALUES
(1,1),
(1,2),
(1,3),
(1,4),
(1,5),
(1,6),
(1,7),
(2,8),
(2,9),
(2,10),
(3,11),
(3,12),
(4,13),
(4,14),
(4,15),
(4,16),
(4,17),
(4,18),
(5,19),
(5,20),
(5,21),
(6,22),
(6,23),
(6,24),
(6,25)

INSERT INTO Clientes(IdClien,NomClie,IdEmp,LimiteCredito)
VALUES
(2101,'Luis Garcia Ant칩n',106,65000),
(2102,'Alvaro Rodriguez',101,65000),
(2103,'Jaime LLorens',105,50000),
(2105,'Antonio Canales',101,45000),
(2106,'Juan Su치rez',102,65000),
(2107,'Julian L칩pez',110,35000),
(2108,'Julia Antequera',109,55000),
(2109,'Alberto Juanes',103,25000),
(2111,'Cristobal Garcia',103,50000),
(2112,'Maria Silva',108,50000),
(2113,'Luisa Maron',104,20000),
(2114,'Cristina Bulini',102,20000),
(2115,'Vicente Martinez',101,20000),
(2117,'Carlos Tena',106,35000),
(2118,'Junipero Alvarez',108,60000),
(2119,'Salomon Bueno',109,25000),
(2120,'Juan Malo',102,50000),
(2121,'Vicente Rios',103,45000),
(2122,'Jose Marchante',105,30000),
(2123,'Jose Libros',102,40000),
(2124,'Juan Bolto',107,40000)

INSERT INTO DetallePedido(NumPedido,FechaPedido,idFab,CodProducto,Cantidad,Importe)
VALUES
(110036,'01/02/1997',1,7,9,22500),
(110036,'01/02/1997',6,23,7,31500),
(112963,'05/10/1997',1,4,28,3276),
(112968,'01/11/1990',1,4,34,3978),
(112975,'02/11/1997',6,22,6,2100),
(112979,'10/12/1989',1,7,6,15000),
(112983,'05/10/1997',1,4,6,702),
(112987,'01/01/1997',1,6,11,27500),
(112989,'12/10/1997',3,12,6,1458),
(112992,'04/15/1990',1,2,10,760),
(112993,'03/10/1997',6,25,24,1896),
(112997,'04/04/1997',2,8,1,652),
(113003,'02/05/1997',4,15,3,5625),
(113007,'01/01/1997',4,13,3,2925),
(113012,'05/05/1997',1,3,35,3745),
(113013,'08/06/1997',2,8,1,652),
(113024,'07/04/1997',5,19,20,7100),
(113027,'02/05/1997',1,2,54,4104),
(113034,'11/05/1997',6,25,8,632),
(113042,'01/01/1997',6,24,5,22500),
(113045,'07/02/1997',6,24,10,45000),
(113048,'02/02/1997',4,15,2,3750),
(113049,'04/04/1997',5,19,2,776),
(113051,'07/06/1997',5,19,4,1420),
(113055,'04/01/2009',1,5,6,150),
(113057,'11/01/1997',1,5,24,600),
(113058,'07/04/1989',3,11,10,1480),
(113062,'07/04/1997',2,8,10,2430),
(113065,'06/03/1997',5,19,6,2130),
(113069,'08/01/1997',4,13,22,31350)

INSERT INTO Pedido(CodPedido,IdCliente,IdEmp)
VALUES
(1,2107,110),
(2,2117,106),
(3,2103,105),
(4,2102,101),
(5,2111,103),
(6,2114,108),
(7,2103,105),
(8,2103,105),
(9,2101,106),
(10,2118,108),
(11,2106,102),
(12,2124,107),
(13,2108,109),
(14,2112,108),
(15,2111,105),
(16,2118,108),
(17,2114,108),
(18,2103,105),
(19,2107,110),
(20,2113,101),
(21,2112,108),
(22,2120,102),
(23,2118,108),
(24,2118,108),
(25,2108,101),
(26,2111,103),
(27,2108,109),
(28,2124,107),
(29,2106,102),
(30,2109,107)